{
  "environment": "dmc_cartpole_swingup",
  "metric": "counterfactual_planning_gap",
  "planner": "cem",
  "mlp_data_source": "tdmpc2",
  "pooling": {
    "seeds": [
      0,
      1,
      2
    ],
    "n_per_seed": 10,
    "n_total": 30
  },
  "cpgs": {
    "mlp_on_data": {
      "oracle_success_rate": 0.4666666666666667,
      "learned_success_rate": 0.06666666666666667,
      "gap": 0.4,
      "n_episodes_oracle": 30,
      "n_episodes_learned": 30,
      "gap_ci_low": 0.1747630797811003,
      "gap_ci_high": 0.5752369202188997,
      "verdict": "MODEL BOTTLENECK"
    },
    "tdmpc2": {
      "oracle_success_rate": 0.4666666666666667,
      "learned_success_rate": 0.36666666666666664,
      "gap": 0.10000000000000003,
      "n_episodes_oracle": 30,
      "n_episodes_learned": 30,
      "gap_ci_low": -0.1471482823140817,
      "gap_ci_high": 0.3346482823140817,
      "verdict": "INCONCLUSIVE"
    }
  }
}
