{
  "environment": "dmc_cartpole_swingup",
  "metric": "counterfactual_planning_gap",
  "learned_model": "tdmpc2",
  "pooling": {
    "seeds": [
      0,
      1,
      2
    ],
    "n_per_seed": 10,
    "n_total": 30
  },
  "cpg": {
    "oracle_success_rate": 0.9333333333333333,
    "learned_success_rate": 0.7666666666666667,
    "gap": 0.16666666666666663,
    "n_episodes_oracle": 30,
    "n_episodes_learned": 30,
    "gap_ci_low": -0.024606118356208767,
    "gap_ci_high": 0.33710611835620874,
    "verdict": "INCONCLUSIVE"
  },
  "training": {
    "training_steps": 1000000,
    "tdmpc2_model_size": 5,
    "frame_skip": 1,
    "decoder": {
      "final_train_mse": 2.8125708922743797e-05,
      "full_dataset_mse": 1.5698646166129038e-05,
      "samples": 9990,
      "steps": 5000
    }
  }
}
